73125,/tech/signal-assignments-vhdl-withselect-whenelse-and-case.html
55880,/tech/to-downto-ranges-vhdl.html
22498,/tech/clock-edge-detection.html
16966,/tech/four-and-half-ways-write-vhdl-instantiations.html
15262,/tech/vhdl-case-statements-can-do-without-others.html
14487,/tech/be-careful-vhdl-operator-precedence.html
11002,/tech/vhdl-assert-and-report.html
8489,/blog/why-ghdl-currently-not-good-enough.html
7849,/tech/advanced-vhdl-configurations-tying-component-unrelated-entity.html
7260,/tech/use-and-library-vhdl.html
6087,/manual/setup.html
5946,/tech/how-run-xilinx-isimfuse-command-line-linux.html
5772,/tech/generating-sigasi-project-vivado-project.html
5366,/tech/tricking-your-mac-believing-it-can-run-modelsim.html
5260,/screencasts/signal_declaration.html
4854,/tech/work-not-vhdl-library.html
4738,/tech/how-implement-highlight-matching-brackets-your-custom-editor-eclipse.html
4638,/tech/deprecated-ieee-libraries.html
4349,/blog/jan/verilogs-major-flaw.html
3414,/tech/dynamic-menu-items-eclipse.html
3384,/tech/list-known-vhdl-metacomment-pragmas.html
3048,/tech/installing-translations-eclipse.html
3026,/tech/installing-modelsim-64-bit-linux-machine.html
2917,/manual/linting.html
2914,/blog/jan/vhdls-crown-jewel.html
2774,/tech/eclipse_tcl_support_in_sigasi.html
2717,/blog/xilinx-slowly-dumping-modelsim.html
2643,/screencasts/short_running_modelsim_on_your_mac.html
2124,/tech/generate-vhdl-doxygen-documentation-sigasi.html
2113,/tech/eclipse-keyboard-tricks-editing-code.html
2094,/blog/jan/fixing-verilog-easy.html
2009,/blog/emacs/why-emacs-vhdl-mode-so-great-and-why-we-want-beat-it.html
2003,/tech/how-organize-source-code-learn-java.html
1998,/screencasts/testbench.html
1838,/blog/emacs/
1790,/tech/importing-xilinx-ise-project-sigasi.html
1688,/blog/are-vhdl-post-93-versions-used-real-life.html
1674,/tech/how-get-multiple-search-result-tabs.html
1655,/blog/lacking-open-source-vhdl-simulator.html
1636,/tech/how-add-decorator-splash-screen-your-rcp-application.html
1590,/tech/run-menu-item-strangely-disappearing-context-menu.html
1501,/blog/benefits-extracting-documentation-software-code.html
1454,/tech/installing-quartus-64-bit-linux-system.html
1433,/tech/creating-e-books-eclipse.html
1429,/screencasts/hex-values.html
1272,/tech/keep-track-google-positions-your-keywords.html
1236,/tech/xtext-resource-caching-loading-resources-5-times-faster.html
1152,/tech/getting-started-altera-bemicro-sdk-linux.html
1149,/tech/vhdl-physical-type-not-synthesizable-or-it.html
1073,/tech/how-use-new-vhdl-2008-libraries-sigasi.html
1030,/tech/vhdl-recursion-and-useful-error-messages.html
1025,/tech/one-mistake-one-error-marker.html
999,/tech/make-eclipse-open-files-command-line.html
994,/blog/emacs/engineers-are-smart-enough-change-editors.html
991,/tech/static-checks-vhdl-code.html
917,/tech/vhdl-physical-type-not-synthesizable-or-it-part-2.html
901,/tech/vhdl-generation-yakindu-state-charts-xtend.html
843,/tech/how-avoid-absolute-library-paths-your-sigasi-project-files.html
843,/tech/view-complexity-your-xtext-ecore-model.html
838,/blog/jan/wasting-real-time-zero-time.html
819,/tech/how-much-time-spent-writing-documentation-versus-developing-rtl-code.html
793,/blog/graphic-design-dead-long-live-graphical-views.html
743,/tech/ultraedit-key-bindings-eclipse.html
712,/blog/emacs/five-reasons-why-emacs-will-always-be-better.html
677,/tech/sigasi-keyboard-shortcuts-cheat-sheet.html
675,/tech/vhdl-pragmas.html
622,/tech/why-you-need-good-documentation-your-vhdl-and-verilog-code.html
556,/eula.html
537,/tech/name-shadowing-vhdl.html
536,/tech/coding-styles.html
528,/tech/scope-vhdl-use-clauses-and-vhdl-library-clauses.html
517,/tech/organizing-legacy-projects.html
509,/tech/recovering-vhdl-parser-0.html
462,/blog/jan/pitfalls-for-circuit-girls.html
429,/tech/package-and-package-body-same-file-or-separate-files.html
425,/tech/build-eclipse-documentation-wikitext-maven-tycho.html
395,/blog/how-sell-eda-tools-liechtenstein.html
376,/tech/adding-custom-code-checkers-your-project.html
369,/tech/build-eclipse-documentation-wikitext-maven-tycho.html
365,/blog/you-cant-write-vhdl-code-without-intelligent-editor.html
356,/blog/emacs/emacs-syntax-errors.html
342,/tech/opening-vhdl-files-sigasi-using-quartus.html
315,/blog/emacs/vhdl-emacs-mode-navigation-using-ctags-are-broken.html
294,/blog/why-hardware-designers-should-switch-eclipse.html
293,/blog/emacs/emacs-code-coloring-outdated.html
283,/blog/jan/the-biggest-eda-innovations-that-did-not-happen.html
280,/blog/vhdl-why-oh-why-must-it-be-way.html